/*Типы продуктов*/

insert into product_type values
(7001, 'Laptop'),
(7002, 'Phone'),
(7004, 'Watch'),
(7005, 'Tablet'),
(7003, 'Headphones'),
(7006, 'Display'),
(7007, 'PC'),
(7008, 'Accessories');

/*Продукты*/
insert into products values
(1011, 'Iphone 13', 699, '2021-09-14', 7002),
(1012, 'Iphone 13 Pro', 799, '2021-09-14', 7002),
(1113, 'Iphone 13 mini', 599, '2021-09-14', 7002),
(1014, 'Iphone 14', 899, '2022-09-14', 7002),
(1114, 'Iphone 14 Pro', 999, '2022-09-14', 7002),

(2001, 'Macbook Air M1', 699, '2020-11-01', 7001),
(2002, 'Macbook Pro M1', 1299, '2020-11-01', 7001),

(3002, 'AirPods Pro 2', 249, '2022-09-11', 7003),
(3001, 'AirPods 3', 169, '2021-10-26', 7003),
(3003, 'AirPods Max', 549, '2021-10-16', 7003),

(4001, 'Studio Display', 1599, '2022-11-01', 7006),
(4011, 'Pro Display XDR', 4999, '2022-11-01', 7006),

(5001, 'Mac mini', 699, '2021-10-25', 7007),
(5002, 'Mac Studio', 1999, '2022-09-01', 7007),
(5003, 'Mac Pro', 5999, '2020-09-16', 7007),

(6001, 'iPad Pro', 799, '2022-09-22', 7005),
(6002, 'iPad Air', 599, '2022-09-22', 7005),
(6003, 'iPad 10th generation', 449, '2021-10-25', 7005),
(6004, 'iPad 9th generation', 329, '2020-11-23', 7005),

(7001, 'Apple Pencil (1st generation)', 99, '2015-11-11', 7008),
(7002, 'Magic Keyboard Folio for iPad (10th generation)', 249, '2021-10-25', 7008),
(7003, 'Smart Keyboard for iPad (9th generation)', 159, '2020-11-11', 7008),

(8001, 'USB-C Digital AV Multiport Adapter', 69, '2022-11-11', 7008),
(8002, 'USB-C to USB Adapter', 19, '2022-11-11', 7008),
(8003, 'USB-C to 3.5 mm Headphone Jack Adapter', 9, '2017-11-11', 7008),

(9001, 'Magic Keyboard with Touch ID and Numeric Keypad', 199, '2020-09-14', 7008),
(9002, 'Magic Trackpad', 149, '2022-09-14', 7008),
(9003, 'Magic Mouse', 99, '2021-09-16', 7008);


/*Заводы*/
insert into factory values
(94898, 'China', 'Shenzhen'),
(56489, 'USA', 'California');



/*Склады в ОАЭ*/
insert into store_house values
(56847, 94898, 'Dubai'),
(95581, 94898, 'Abu Dhabi');


/*Склады в Китае*/
insert into store_house values
(02838, 94898, 'Beijing'),
(24525, 94898, 'Chengdu');


/*Склады в Германии*/
insert into store_house values
(74938, 94898, 'Berlin'),
(46384, 56489, 'Köln');



/*Магазины в Германии*/
insert into store values
(4213, 46384, 'Frankfurt'),
(4325, 74938, 'Berlin'),
(5436, 46384, 'Frankfurt'),
(2142, 74938, 'Köln');


/*Магазины в Китае*/
insert into store values
(0659, 24525, 'Chengdu'),
(9098, 02838, 'Beijing'),
(4123, 24525, 'Chengdu'),
(5899, 02838, 'Shenzhen');


/*Магазины в Дубаи*/
insert into store values
(7584, 56847, 'Dubai'),
(3241, 95581, 'Abu Dhabi'),
(7784, 56847, 'Dubai'),
(0059, 95581, 'El Ain');


/*Заказы*/
insert into online_customer(c_id, c_name, login, birth_date, city, phone_number ,card) values
( 6653 , 'Leonardo ' , 'esson' , '1975-08-20' , 'Chengdu' , '+9-292-95382362', 7108522640753062 ) ,
( 8161 , 'Obadiah' , 'olabama ' , '1980-09-02' , 'Hamburg' , '+7-421-39063774', 6625418876021488 ) ,
( 5554 , 'Adam' , 'eclipse' , '1978-09-25' , 'Hamburg' , '+6-867-34270182', 7214750205502610 ) ,
( 3376 , 'Vlasta' , 'luna213' , '1978-06-02' , 'London' , '+8-302-52543885', 5069894992355013 ) ,
( 4469 , 'Orabelle' , '213void' , '1982-03-11' , 'El Ain' , '+7-822-57406474', 5842486212136920 ) ,
( 2823 , 'Zaynab' , 'moon388' , '1978-07-10' , 'Dubai' , '+8-335-88477350 ', 6654938074097513 ) ,
( 3501 , 'Adam' , 'lagos' , '1989-11-01' , 'El Ain' , '+5-665-97781499', 6675648579767588 ) ,
( 6165 , 'Brody' , 'brooooofy' , '1993-01-19' , 'London' , '+5-282-11466019', 4509828832919996 ) ,
( 5397 , 'Quinton' , 'queent2123' , '1988-12-05' , 'Chengdu' , '+7-297-92764242', 4533128115909542 ) ,
( 3859 , 'Melody' , 'light323' , '1984-01-22' , 'Dubai' , '+6-908-92257861 ', 4063314779751788 ) ,
( 9357 , 'Makayla' , 'maka21331' , '1979-01-02' , 'Hamburg' , '+6-660-89990082 ', 6195081163405877 ) ,
( 5792 , 'Quintana' , 'quinn' , '2002-06-28' , 'Chengdu' , '+4-593-50016157 ', 6031549049479090 ) ,
( 1135 , 'Sylas' , 'sielence' , '1987-03-14' , 'London' , '+6-106-22888679', 6415164185538849 ) ,
( 2437 , 'Quinnton' , 'hunter' , '1972-12-29' , 'Beijing' , '+6-685-82037691', 5067633061448239 ) ,
( 3286 , 'Jameson' , 'ghost' , '1975-07-20' , 'Shenzhen' , '+9-439-40418758 ', 7202675955800705 ) ,
( 7855 , 'Willow' , 'cutegirl ' , '1987-08-06' , 'Beijing' , '+8-221-37981649', 5183860648242875 ) ,
( 8154 , 'Zaria' , 'zara ' , '1994-02-20' , 'Beijing' , '+4-895-32754043 ', 5319523733435729 ) ,
( 3668 , 'Nancy' , 'sunsgine_213 ' , '1981-04-04' , 'Frankfurt ' , '+8-309-78477307', 6822607607736652 ) ,
( 4433 , 'Mark' , 'milf-hunter ' , '1972-01-12' , 'Frankfurt' , '+4-757-89552844', 7111103134170201 ) ,
( 1481 , 'Erik' , 'magnetto ' , '2000-06-02' , 'Dubai' , '+6-876-12922173', 7746883317005424 ) ,
( 7598 , 'Luciano' , 'luci ' , '1991-09-12' , 'Shenzhen' , '+9-538-37703684', 6493991504954218 ) ,
( 8522 , 'Boston' , 'brooklyn ' , '1982-10-03' , 'Köln' , '+9-103-86170033', 4747793253223281 ) ,
( 6961 , 'Nick' , 'windu ' , '1975-05-25' , 'Dubai' , '+8-722-37211911', 7518803097752195 ) ,
( 8620 , 'Maeve' , 'queenmave ' , '1995-06-02' , 'London' , '+8-709-54662998', 4479993628889361 ) ,
( 3860 , 'Melody' , 'flower634 ' , '1997-03-07' , 'Shenzhen' , '+9-221-62372015', 5827904809815440 );


insert into products_in_store_house values
(56847, 1011, 147),
(56847, 6003, 56),
(56847, 1014, 78),
(56847, 2001, 30),
(56847, 2002, 21),
(95581, 6001, 10),
(95581, 4011, 2),
(95581, 9003, 8),
(95581, 6004, 12),
(95581, 1012, 87),

(02838, 1014, 232),
(02838, 1114, 173),
(02838, 3001, 12),
(02838, 3002, 3),
(02838, 2002, 21),
(24525, 4001, 83),
(24525, 5001, 323),
(24525, 5002, 92),
(24525, 8003, 415),
(24525, 9002, 21),

(74938, 9001, 23),
(74938, 8001, 89),
(74938, 9002, 83),
(74938, 7002, 42),
(74938, 6003, 94),
(46384, 6004, 16),
(46384, 1014, 231),
(46384, 1012, 8),
(46384, 1114, 63),
(46384, 4001, 14);


/*Магазин 1*/
insert into products_in_store values
(1011, 4213, 750, 43),
(1113, 4213, 629, 23),
(1012, 4213, 750, 12),
(2001, 4213, 720, 35),
(2002, 4213, 1499, 72),
(6001, 4213, 800, 18),
(6002, 4213, 670, 18),
(9002, 4213, 750, 21),
(6004, 4213, 160, 51),
(6003, 4213, 499, 3);

/*Магазин 2*/
insert into products_in_store values
(1014, 4325, 999, 24),
(1114, 4325, 1199, 38),
(4001, 4325, 1800, 6),
(5003, 4325, 6299, 3),
(5001, 4325, 750, 13),
(3003, 4325, 579, 21),
(4011, 4325, 5399, 2),
(6003, 4325, 459, 36),
(9001, 4325, 220, 9),
(3001, 4325, 175, 5);

/*Магазин 3*/
insert into products_in_store values
(1011, 5436, 750, 36),
(1113, 5436, 629, 32),
(1012, 5436, 750, 24),
(2001, 5436, 720, 23),
(2002, 5436, 1499, 35),
(6001, 5436, 800, 18),
(6002, 5436, 670, 65),
(9002, 5436, 750, 14),
(6004, 5436, 160, 25),
(6003, 5436, 499, 32);


/*Магазин 4*/
insert into products_in_store values
(8001, 2142, 75, 99),
(8002, 2142, 25, 66),
(8003, 2142, 10, 152),
(1113, 2142, 600, 2),
(1011, 2142, 719, 46),
(1012, 2142, 750, 12),
(3002, 2142, 260, 23),
(1114, 2142, 1029, 32),
(5002, 2142, 2000, 4),
(6001, 2142, 720, 73);

/*Магазин 5*/
insert into products_in_store values
(1011, 659, 629, 63),
(1012, 659, 812, 17),
(1113, 659, 610, 44),
(1014, 659, 939, 73),
(1114, 659, 1013, 72);

/*Магазин 6*/
insert into products_in_store values
(3002, 9098, 250, 32),
(3001, 9098, 180, 26),
(3003, 9098, 550, 12),
(8001, 9098, 70, 23),
(8002, 9098, 20, 31),
(8003, 9098, 10, 62);

/*Магазин 7*/
insert into products_in_store values
(1011, 4213, 750, 12),
(1011, 4213, 750, 12),
(1011, 4213, 750, 12),
(1011, 4213, 750, 12),
(1011, 4213, 750, 12),
(1011, 4213, 750, 12),
(1011, 4213, 750, 12),
(1011, 4213, 750, 12),
(1011, 4213, 750, 12),
(1011, 4213, 750, 12);

/*Магазин 8*/
insert into products_in_store values
(2001, 5899, 699, 23),
(2002, 5899, 1299, 21),
(9003, 5899, 99, 43),
(9001, 5899, 199, 9);

/*Магазин 9*/
insert into products_in_store values
(6001, 7584, 836, 46),
(6002, 7584, 626, 35),
(6003, 7584, 479, 31),
(6004, 7584, 330, 62),
(7001, 7584, 100, 4),
(7002, 7584, 250, 6),
(7003, 7584, 160, 9);

/*Магазин 10*/
insert into products_in_store values
(4001, 3241, 1678, 53),
(4011, 3241, 5200, 82);

/*Магазин 11*/
insert into products_in_store values
(5001, 7784, 750, 26),
(5002, 7784, 2390, 63),
(5003, 7784, 6290, 43);

/*Магазин 12*/
insert into products_in_store values
(2002, 59, 1349, 36),
(2001, 59, 761, 47);
